MSE,RMSE,MAE,R_value,R_squared,p_value, SPCC
1.8340113423447078,1.3542567490489785,1.1015165322273985,0.8692040538325582,0.6870873976711347,1.9894804144180885e-14, 0.8295
