{
    "mse": 0.32977941632270813,
    "rmse": 0.5742642391118467,
    "mae": 0.4272874680428225
}